<?xml version="1.0" encoding="utf-8"?>
<feed xmlns="http://www.w3.org/2005/Atom"
    xmlns:rdf="http://www.w3.org/1999/02/22-rdf-syntax-ns#"
    xmlns:leap2="http://terms.leapspecs.org/"
    xmlns:categories="http://wiki.leapspecs.org/2A/categories/"
    xmlns:portfolio="https://eportfolio.u-pec.fr/export/leap/3555/1666344881/"
    xmlns:mahara="http://wiki.mahara.org/Developer_Area/Import%2F%2FExport/LEAP_Extensions#"
>
    <leap2:version>http://www.leapspecs.org/2010-07/2A/</leap2:version>
    <id>https://eportfolio.u-pec.fr/export/3555/1666344881</id>
    <title>Mahara Leap2A Export for Gibril SELMI, 21/10/2022 11:34</title>
    <updated>2022-10-21T11:11:41+02:00</updated>
    <generator uri="https://mahara.org/" version="2008122400">Mahara</generator>
    <author>
        <name>Gibril SELMI</name>
        <email>gibril.selmi@etu.u-pec.fr</email>
        <uri>portfolio:artefactinternal</uri>
    </author>

    <entry>
        <title>BUT-RT : Portfolio de Gibril SELMI</title>
        <id>portfolio:collection4183</id>

        <updated>2022-10-20T09:09:31+02:00</updated>
        <published>2022-10-07T10:10:34+02:00</published>




        <content></content>
        <rdf:type rdf:resource="leap2:selection"/>

        <link rel="has_part" href="portfolio:view31386"/>


        <category term="Website" scheme="categories:selection_type#"/>




    </entry>


    <entry>
        <title>Profile page</title>
        <id>portfolio:view30587</id>

        <updated>2022-10-21T11:11:53+02:00</updated>
        <published>2022-09-19T08:08:01+02:00</published>

        <summary type="xhtml"><div xmlns="http://www.w3.org/1999/xhtml"><div>Your profile page is what others see when they click on your name or profile picture.</div></div></summary>

   <subtitle type="xhtml"><div xmlns="http://www.w3.org/1999/xhtml"><div></div></div></subtitle>
        <content type="xhtml"><div xmlns="http://www.w3.org/1999/xhtml"><div><div id="user_block_136894"><div class="bt-image gridstackblock card card-secondary clearfix" id="user_blockinstance_136894">
    
        <div class="block-header d-none">
    
        <a class="commentlink" href="#" title="">
        
            
                <span class="icon icon-plus" title="Commentaires et les détails"></span>
                Ajouter un commentaire
                <span class="bh-margin-left icon icon-search-plus"></span>
                Détails
            
        
        </a>
    
</div>

    
    
    
        
    

    <div class="no-heading block" id="user_blockinstance_136894_target">
        
        
            <div class="imageblock card-body">
    <div class="image">
        
        <a class="modal_link" href="#">
            <img rel="leap2:has_part" href="portfolio:artefact90085" alt="cybercriminalité.jpg" title="cybercriminalité.jpg" />
        </a>
        
    </div>

    
</div>

        
    </div>
</div>
</div><div id="user_block_131249"><div class="bt-profileinfo gridstackblock card card-secondary card-regular clearfix" id="user_blockinstance_131249">
    
    
    
        <h2 class="title card-header js-heading">
            

            <span class="collapse-inline">
                About me
                
            </span>

            

        </h2>
    

    <div class="block" id="user_blockinstance_131249_target">
        
        
            
    
    <div class="card-body flush">
    
    
    
    
        <ul class="unstyled profile-info">
        
            <li><strong>Prénom:</strong> Gibril</li>
        
            <li><strong>Nom:</strong> SELMI</li>
        
            <li><strong>Identifiant étudiant:</strong> u32204228</li>
        
            <li><strong>Nom préféré:</strong> Gibril Selmi</li>
        
        </ul>
    
    
    
    
    </div>
    


        
    </div>
</div>
</div><div id="user_block_137324"><div class="bt-blog gridstackblock card card-secondary clearfix" id="user_blockinstance_137324">
    
    
    
        <h2 class="title card-header js-heading">
            

            <span class="collapse-inline">
                Journal
                
                    <a href="https://eportfolio.u-pec.fr/artefact/blog/atom.php?artefact=85924&amp;view=30587" class="secondary-link inner-link">
                        <span class="icon-rss icon icon-lg mahara-rss-icon right"></span>
                        <span class="sr-only">RSS</span>
                    </a>
                
            </span>

            

        </h2>
    

    <div class="block" id="user_blockinstance_137324_target">
        
        
            <div class="blog">
    
    

    
    <div class="details-before-list-group">
    
    
        <p class="text-midtone description">
            </p><p>Presentation of who I am and what I want to do !</p>
        
    
    
    
    </div>
    

    
        <div id="user_postlist_137324" class="fullwidth list-group">
          

    
    <div class="block-header d-none btn-top-right btn-group-top bh-displayiconsonly">
    
        <a class="commentlink btn btn-secondary" href="#" title="">
        
            
                <span class="icon icon-comments" title="Ajouter un commentaire"></span>
                <span class="bh-margin-left icon icon-search-plus" title="Détails"></span>
            
        
        </a>
    
</div>


    <div class="list-group-item clearfix flush">
        <div class="post-heading">
            <h3 class="list-group-item-heading title">
                
                    <a class="modal_link" href="#">
                        ME
                    </a>
                
            </h3>
            <div class="postdetails text-small text-midtone">
                <span class="icon icon-regular icon-calendar-alt left"></span>
                Écrit par Gibril Selmi le 19 October 2022, 21:08
                
                    <br />
                    <span class="icon icon-regular icon-calendar-alt left"></span>
                    Dernière mise à jour Friday 21 October 2022, 10:49
                
            </div>
            
        </div>

        <div class="content-text">
            <p>My name is Gibril SELMI and I am currently a student at the IUT of Créteil-Vitry. Coming from a Baccalaureat of Science of Industry and Sustainable Development I have acquired many useful skills. This has reinforced my curiosity in the fields I am currently practising.</p>
        </div>

        
    </div>


    
    <div class="block-header d-none btn-top-right btn-group-top bh-displayiconsonly">
    
        <a class="commentlink btn btn-secondary" href="#" title="">
        
            
                <span class="icon icon-comments" title="Ajouter un commentaire"></span>
                <span class="bh-margin-left icon icon-search-plus" title="Détails"></span>
            
        
        </a>
    
</div>


    <div class="list-group-item clearfix flush">
        <div class="post-heading">
            <h3 class="list-group-item-heading title">
                
                    <a class="modal_link" href="#">
                        WHY ?
                    </a>
                
            </h3>
            <div class="postdetails text-small text-midtone">
                <span class="icon icon-regular icon-calendar-alt left"></span>
                Écrit par Gibril Selmi le 19 October 2022, 21:07
                
                    <br />
                    <span class="icon icon-regular icon-calendar-alt left"></span>
                    Dernière mise à jour Friday 21 October 2022, 10:50
                
            </div>
            
        </div>

        <div class="content-text">
            <p>Thanks to my Baccalaureate of Science of Industry and Sustainable Development, the skills that I have acquired over the years have made me like the computer field, telecommunication networks and especially cyber security. It is cyber security that interests me the most in the context of my further studies and my profession.</p>
        </div>

        
    </div>


        </div>
        
        <div id="user_blogpost_page_container_137324" class="d-none"><a href="https://eportfolio.u-pec.fr/view/view.php?id=30587&amp;modal=1&amp;artefact=%2085924">Tous les articles</a></div>
        
        
    
    
</div>

        
    </div>
</div>
</div><div id="user_block_131253"><div class="bt-myviews gridstackblock card card-secondary clearfix" id="user_blockinstance_131253">
    
    
    
        <h2 class="title card-header js-heading">
            

            <span class="collapse-inline">
                Mes portfolios
                
            </span>

            

        </h2>
    

    <div class="block" id="user_blockinstance_131253_target">
        
        
            
    <div class="list-group">
        <div id="user_myviewlist">
            
    <div class="list-group-item flush">
        <h3 class="title list-group-item-heading text-inline">
            <a href="https://eportfolio.u-pec.fr/view/view.php?id=31386">BUT-RT : Portfolio de Gibril SELMI</a>
        </h3>

        
        <span class="text-small text-midtone">
            (1 page)
        </span>
        

        

        
    </div>


        </div>
    
        <div id="user_myviews_page_container" class="d-none"><div id="user_myviews_pagination" class="pagination-wrapper center"><div class="lead text-small results float-right">1 résultat</div></div></div>
    
    
    
    
    </div>


        
    </div>
</div>
</div><div id="user_block_137325"><div class="bt-socialprofile gridstackblock card card-secondary clearfix" id="user_blockinstance_137325">
    
    
    
        <h2 class="title card-header js-heading">
            

            <span class="collapse-inline">
                Professional social networks
                
            </span>

            

        </h2>
    

    <div class="block" id="user_blockinstance_137325_target">
        
        
            
<div class="card-body flush">

    <a href="https://github.com/0Gibril0" title="https://github.com/0Gibril0" class="btn btn-secondary btn-sm socialbtn">
        
            
                <img src="https://www.google.com/s2/favicons?domain=github.com" alt="https://github.com/0Gibril0" class="valign-top" />
            
        
         
        GitHub
    </a>

    <a href="https://www.linkedin.com/in/gibril-selmi-7a0942251" title="https://www.linkedin.com/in/gibril-selmi-7a0942251" class="btn btn-secondary btn-sm socialbtn">
        
            
                <img src="https://www.google.com/s2/favicons?domain=www.linkedin.com" alt="https://www.linkedin.com/in/gibril-selmi-7a0942251" class="valign-top" />
            
        
         
        Linkedin
    </a>


</div>


        
    </div>
</div>
</div><div id="user_block_136891"><div class="bt-text gridstackblock card card-secondary clearfix" id="user_blockinstance_136891">
    
    
        <div class="block-header quick-edit d-none">
    <a class="modal_link list-group-heading" href="#" title="Édition rapide">
        <span class="icon icon-pencil-alt" title="Édition rapide"></span>
        Édition rapide
    </a>
</div>

    
    
        <h2 class="title card-header js-heading">
            

            <span class="collapse-inline">
                My technical skills
                
            </span>

            

        </h2>
    

    <div class="block" id="user_blockinstance_136891_target">
        
        
            

<div class="textblock card-body flush">
<h2 class="title card-header js-heading"><strong><span class="collapse-inline">What I can do :</span></strong></h2>
<p> </p>
<p>Since my STI2D assignment I know how to:</p>
<p>- converts decimal, hexadecimal, binary and byte bases between them</p>
<p>- Calculate an IP address, subnet mask and network address</p>
<p>- Electronic base </p>
<p>-Created a website with HTML and CSS</p>
<p>-Use of logciel like cisco, arduino, virtualbox, Proteus 8 professional and OS like LINUX and Windows (command)</p>
</div>


        
    </div>
</div>
</div><div id="user_block_137357"><div class="bt-entireresume gridstackblock card card-secondary clearfix" id="user_blockinstance_137357">
    
    
    
        <h2 class="title card-header js-heading">
            

            <span class="collapse-inline">
                Emplacement
                
            </span>

            

        </h2>
    

    <div class="block" id="user_blockinstance_137357_target">
        
        
            
<div class="list-group">
    

    
    <div class="list-group-item flush">
        <h3 class="title">Centres d'intérêt</h3>
        
    <div class="card-body flush">
        <p>Sport : Basketball, badminton, natation, football....</p>
<p>Hardware.</p>
<p>Audio-visuel : Cinéma, Photographie.</p>
<p>Manga, Animés accessoirement  dessiner.</p>
<p>Jeux-vidéo.</p>
<p>Horlogerie, Sneakers .</p>
<p>Automobile, Aéronautique naval , spécial, Marin...</p>
<p>Science et Médecine </p>
<p> </p>
<p> </p>
<p> </p>
<p> </p>
<p> </p>
    </div>


    </div>
    

    

    
    <div class="list-group-item flush">
        <h3 class="title">Informations personnelles</h3>
        <div class="card-body flush">
    <table class="table resumepersonalinfo profile-info">
    
        
        <tr>
            <th>Date de naissance</th>
            <td>29 August 2003</td>
        </tr>
        
    
        
        <tr>
            <th>Lieu de naissance</th>
            <td>Longjumeau</td>
        </tr>
        
    
        
        <tr>
            <th>Citoyenneté</th>
            <td>Français</td>
        </tr>
        
    
        
    
        
        <tr>
            <th>Sexe</th>
            <td>Homme</td>
        </tr>
        
    
        
        <tr>
            <th>Etat civil</th>
            <td>Celibataire</td>
        </tr>
        
    
    </table>
    
</div>

    </div>
    

    
        <div class="list-group-item flush">
            
            <div class="resume-content">
                <h3 class="title">Objectifs personnels</h3>
                <div class="card-body flush">
<p>Transformation physique.</p>
<p>Voyager </p>


</div>

            </div>
            

            
            <div class="resume-content">
                <h3 class="title">Objectifs académiques</h3>
                <div class="card-body flush">
<p>Obtenir Mon Master 2 </p>


</div>

            </div>
            

            
            <div class="resume-content">
                <h3 class="title">Objectifs de carrière</h3>
                <div class="card-body flush">
<p>Avoir un empois qui est pour servir les autres. </p>
<p> </p>


</div>

            </div>
            

        </div>
    

    
        <div class="list-group-item flush">
            
            <div class="resume-content">
                <h3 class="title">Compétences personnelles</h3>
                <div class="card-body flush">
<p>Curieux </p>
<p>Ouvert d'esprit</p>


</div>

            </div>
            

            
            <div class="resume-content">
                <h3 class="title">Compétences académiques</h3>
                <div class="card-body flush">
<p>Réfléchit.  </p>


</div>

            </div>
            

            
            <div class="resume-content">
                <h3 class="title">Compétences professionnelles</h3>
                <div class="card-body flush">
<p>S'adapte en travaille de groupe.</p>
<p>contentieux .</p>


</div>

            </div>
            
        </div>
    

    
        <div class="list-group-item flush">
            
            <div class="resume-content">
                <h3 class="title">Historique des emplois</h3>
                

<div id="user_employmenthistorylist_4f8a" class="list-group list-group-lite list-group-top-border">
    
    <div class="list-group-item flush-collapsible">
        
            <h4 class="list-group-item-heading">
                <a href="#employment-content-633" class="text-left collapsed collapsible">
                    Nettoyage Cabine (AVIONS) à SERVAIR/ACNA
                    <span class="icon icon-chevron-down float-right collapse-indicator"></span>
                </a>
            </h4>
        

        <span class="text-small text-muted">
            01/08/2022
             - 28/08/2022
        </span>

        <div id="user_employment-content-633" class="collapse resume-content">
            
            <p class="content-text">
                </p><p>Nettoyage d'avion  (et fouille des avions en transit ou en départ des Etat Unis).</p>
<p>Ce tout premier CDD m'a permis d'acquérir une certaine maturité en terme d'organisation ainsi que dans la vie professionnelle.</p>
<p>Cet expérience m'a été très enrichissantes.</p>
<p>Aéroport :  Orly  </p>
            
            

            
                <span class="text-small text-muted">
                    Adresse :  1 RUE DU PONT DE PIERRES ,91325 WISSOUS CEDEX
                </span>
            

            
        </div>
    </div>
    
</div>


            </div>
            

            
            <div class="resume-content">
                <h3 class="title">Historique de formation</h3>
                

<div id="user_educationhistorylist_00b9" class="list-group list-group-lite list-group-top-border">
    
    <div class="list-group-item flush-collapsible">
        
            <h3 class="list-group-item-heading">
                <a href="#education-content-935" class="text-left collapsed collapsible">
                    Bachelor universitaire de technologie en réseaux et télécommunications à Institut universitaire de technologie de Créteil-Vitry (UPEC)
                    <span class="icon icon-chevron-down float-right collapse-indicator"></span>
                </a>
            </h3>
        

        <span class="text-small text-muted">
            septembre 2022
             - 2025
        </span>

        <div id="user_education-content-935" class="collapse resume-content">
            

            
                <span class="text-small text-muted">
                    Adresse : 122 Rue Paul Armangot, 94400 Vitry-sur-Seine
                </span>
            

            
        </div>
    </div>
    
    <div class="list-group-item flush-collapsible">
        
            <h3 class="list-group-item-heading">
                <a href="#education-content-933" class="text-left collapsed collapsible">
                    Baccalauréat Sciences et Technologies de l'Industrie et du Développement Durable (STI2D) à Lycée Georges Brassens. 
                    <span class="icon icon-chevron-down float-right collapse-indicator"></span>
                </a>
            </h3>
        

        <span class="text-small text-muted">
            septembre 2020
             - juillet 2022
        </span>

        <div id="user_education-content-933" class="collapse resume-content">
            

            
                <span class="text-small text-muted">
                    Adresse : 8 rue Georges Brassens, 91080 Évry-Courcouronnes
                </span>
            

            
        </div>
    </div>
    
    <div class="list-group-item flush-collapsible">
        
            <h3 class="list-group-item-heading">
                Formation de badge aéroportuaire Français   à Aéroport De Paris  
            </h3>
        

        <span class="text-small text-muted">
            Juillet 2022
            
        </span>

        <div id="user_education-content-1029" class="collapse resume-content">
            

            

            
        </div>
    </div>
    
    <div class="list-group-item flush-collapsible">
        
            <h3 class="list-group-item-heading">
                Formation fouille et Sureté dans un avion/aéroport  à Aéroport De Paris  
            </h3>
        

        <span class="text-small text-muted">
            Juillet 2022
            
        </span>

        <div id="user_education-content-1030" class="collapse resume-content">
            

            

            
        </div>
    </div>
    
</div>


            </div>
            
        </div>
    


    
    <div class="list-group-item flush">
        <h3 class="title">Certifications, accréditations et prix obtenus</h3>
        <div class="resume-content">


<div id="user_certificationlist_7f61" class="list-group list-group-lite list-group-top-border">
    
    <div class="list-group-item flush-collapsible">

        
            <h4 class="list-group-item-heading">
                Certification PIX
            </h4>
        
        <span class="text-small text-muted">
            2022
        </span>

        <div id="user_certification-content-407" class="collapse resume-content">
            

            
        </div>
    </div>
    
    <div class="list-group-item flush-collapsible">

        
            <h4 class="list-group-item-heading">
                <a href="#certification-content-406" class="text-left collapsed collapsible">
                     Prévention et Secours Civiques de niveau 1 
                    <span class="icon icon-chevron-down float-right collapse-indicator"></span>
                </a>
            </h4>
        
        <span class="text-small text-muted">
            31 janvier 2017
        </span>

        <div id="user_certification-content-406" class="collapse resume-content">
            
            <p class="content-text">
                </p><p>Certificat de compétences de citoyen de sécurité civile «<strong> Prévention et Secours Civiques de niveau 1</strong> » PSC1</p>
            
            

            
        </div>
    </div>
    
</div>
</div>
    </div>
    

    

    
</div>


        
    </div>
</div>
</div></div></div></content>
        <rdf:type rdf:resource="leap2:selection"/>

        <link rel="leap2:has_part" href="portfolio:artefact85920"/>
        <link rel="leap2:has_part" href="portfolio:artefact85921"/>
        <link rel="leap2:has_part" href="portfolio:artefact85922"/>
        <link rel="leap2:has_part" href="portfolio:artefact85923"/>
        <link rel="leap2:has_part" href="portfolio:artefact87489"/>
        <link rel="leap2:has_part" href="portfolio:artefact90274"/>
        <link rel="leap2:has_part" href="portfolio:artefact85924"/>
        <link rel="leap2:has_part" href="portfolio:artefact90060"/>
        <link rel="leap2:has_part" href="portfolio:artefact90059"/>
        <link rel="leap2:has_part" href="portfolio:artefact87332"/>
        <link rel="leap2:has_part" href="portfolio:artefact87430"/>
        <link rel="leap2:has_part" href="portfolio:artefact87503"/>
        <link rel="leap2:has_part" href="portfolio:artefact90279"/>
        <link rel="leap2:has_part" href="portfolio:artefact90280"/>
        <link rel="leap2:has_part" href="portfolio:artefact90281"/>
        <link rel="leap2:has_part" href="portfolio:artefact90282"/>
        <link rel="leap2:has_part" href="portfolio:artefact90285"/>
        <link rel="leap2:has_part" href="portfolio:artefact90283"/>
        <link rel="leap2:has_part" href="portfolio:artefact90288"/>
        <link rel="leap2:has_part" href="portfolio:artefact90289"/>
        <link rel="leap2:has_part" href="portfolio:artefact90085"/>


        <category term="Webpage" scheme="categories:selection_type#"/>





        <mahara:view mahara:newlayout="1" mahara:type="profile" mahara:ownerformat="6">
        
            
            <mahara:blockinstance mahara:blocktype="image" mahara:blocktitle="" mahara:positionx="0" mahara:positiony="0" mahara:height="33" mahara:width="10">
                
                    
                    <mahara:artefactid>[&quot;portfolio:artefact90085&quot;]</mahara:artefactid>
                    
                
                    
                    <mahara:showdescription>[false]</mahara:showdescription>
                    
                
                    
                    <mahara:width>[&quot;&quot;]</mahara:width>
                    
                
                    
                    <mahara:retractable>[0]</mahara:retractable>
                    
                
                    
                    <mahara:retractedonload>[0]</mahara:retractedonload>
                    
                
                
                
            </mahara:blockinstance>
            
            <mahara:blockinstance mahara:blocktype="profileinfo" mahara:blocktitle="About me" mahara:positionx="0" mahara:positiony="33" mahara:height="12" mahara:width="6">
                
                    
                    <mahara:fields>[[&quot;firstname&quot;,&quot;lastname&quot;,&quot;studentid&quot;,&quot;preferredname&quot;]]</mahara:fields>
                    
                
                
                
            </mahara:blockinstance>
            
            <mahara:blockinstance mahara:blocktype="blog" mahara:blocktitle="Journal" mahara:positionx="6" mahara:positiony="33" mahara:height="47" mahara:width="4">
                
                    
                    <mahara:artefactid>[&quot;portfolio:artefact85924&quot;]</mahara:artefactid>
                    
                
                    
                    <mahara:count>[&quot;5&quot;]</mahara:count>
                    
                
                    
                    <mahara:copytype>[&quot;nocopy&quot;]</mahara:copytype>
                    
                
                    
                    <mahara:retractable>[0]</mahara:retractable>
                    
                
                    
                    <mahara:retractedonload>[0]</mahara:retractedonload>
                    
                
                
                
            </mahara:blockinstance>
            
            <mahara:blockinstance mahara:blocktype="myviews" mahara:blocktitle="" mahara:positionx="0" mahara:positiony="45" mahara:height="11" mahara:width="6">
                
                
                
            </mahara:blockinstance>
            
            <mahara:blockinstance mahara:blocktype="socialprofile" mahara:blocktitle="Professional social networks" mahara:positionx="0" mahara:positiony="56" mahara:height="9" mahara:width="6">
                
                    
                    <mahara:fields>[[&quot;socialprofile&quot;,&quot;socialprofile&quot;]]</mahara:fields>
                    
                
                
                
            </mahara:blockinstance>
            
            <mahara:blockinstance mahara:blocktype="text" mahara:blocktitle="My technical skills" mahara:positionx="0" mahara:positiony="65" mahara:height="27" mahara:width="6">
                
                    
                    <mahara:text>[&quot;&lt;h2 class=\&quot;title card-header js-heading\&quot;&gt;&lt;strong&gt;&lt;span class=\&quot;collapse-inline\&quot;&gt;What I can do :&lt;\/span&gt;&lt;\/strong&gt;&lt;\/h2&gt;\r\n&lt;p&gt;&amp;nbsp;&lt;\/p&gt;\r\n&lt;p&gt;Since my STI2D assignment I know how to:&lt;\/p&gt;\r\n&lt;p&gt;- converts decimal, hexadecimal, binary and byte bases between them&lt;\/p&gt;\r\n&lt;p&gt;- Calculate an IP address, subnet mask and network address&lt;\/p&gt;\r\n&lt;p&gt;- Electronic base&amp;nbsp;&lt;\/p&gt;\r\n&lt;p&gt;-Created a website with HTML and CSS&lt;\/p&gt;\r\n&lt;p&gt;-Use of logciel like cisco, arduino, virtualbox, Proteus 8 professional and OS like LINUX and Windows (command)&lt;\/p&gt;&quot;]</mahara:text>
                    
                
                    
                    <mahara:instructions></mahara:instructions>
                    
                
                
                
            </mahara:blockinstance>
            
            <mahara:blockinstance mahara:blocktype="entireresume" mahara:blocktitle="Emplacement" mahara:positionx="0" mahara:positiony="92" mahara:height="158" mahara:width="10">
                
                    
                    <mahara:tags>[null]</mahara:tags>
                    
                
                    
                    <mahara:retractable>[0]</mahara:retractable>
                    
                
                    
                    <mahara:retractedonload>[0]</mahara:retractedonload>
                    
                
                
                
            </mahara:blockinstance>
            
        
        </mahara:view>
    </entry>

    <entry>
        <title>Dashboard page</title>
        <id>portfolio:view30588</id>

        <updated>2022-10-19T21:09:19+02:00</updated>
        <published>2022-09-19T08:08:01+02:00</published>

        <summary type="xhtml"><div xmlns="http://www.w3.org/1999/xhtml"><div></div></div></summary>

   <subtitle type="xhtml"><div xmlns="http://www.w3.org/1999/xhtml"><div></div></div></subtitle>
        <content type="xhtml"><div xmlns="http://www.w3.org/1999/xhtml"><div><div id="user_block_131256"><div class="bt-myviews gridstackblock card card-secondary clearfix" id="user_blockinstance_131256">
    
    
    
        <h2 class="title card-header js-heading">
            

            <span class="collapse-inline">
                Mes portfolios
                
            </span>

            

        </h2>
    

    <div class="block" id="user_blockinstance_131256_target">
        
        
            
    <div class="list-group">
        <div id="user_myviewlist">
            
    <div class="list-group-item flush">
        <h3 class="title list-group-item-heading text-inline">
            <a href="https://eportfolio.u-pec.fr/view/view.php?id=31386">BUT-RT : Portfolio de Gibril SELMI</a>
        </h3>

        
        <span class="text-small text-midtone">
            (1 page)
        </span>
        

        

        
    </div>


        </div>
    
        <div id="user_myviews_page_container" class="d-none"><div id="user_myviews_pagination" class="pagination-wrapper center"><div class="lead text-small results float-right">1 résultat</div></div></div>
    
    
    
    
    </div>


        
    </div>
</div>
</div></div></div></content>
        <rdf:type rdf:resource="leap2:selection"/>



        <category term="Webpage" scheme="categories:selection_type#"/>





        <mahara:view mahara:newlayout="1" mahara:type="dashboard" mahara:ownerformat="6">
        
            
            <mahara:blockinstance mahara:blocktype="myviews" mahara:blocktitle="" mahara:positionx="0" mahara:positiony="0" mahara:height="15" mahara:width="5">
                
                
                
            </mahara:blockinstance>
            
        
        </mahara:view>
    </entry>

    <entry>
        <title>Projets techniques réalisés</title>
        <id>portfolio:view31386</id>

        <updated>2022-10-19T21:09:12+02:00</updated>
        <published>2022-10-07T10:10:46+02:00</published>

        <summary type="xhtml"><div xmlns="http://www.w3.org/1999/xhtml"><div></div></div></summary>

   <subtitle type="xhtml"><div xmlns="http://www.w3.org/1999/xhtml"><div></div></div></subtitle>
        <content type="xhtml"><div xmlns="http://www.w3.org/1999/xhtml"><div><div id="user_block_136856"><div class="bt-text gridstackblock card card-secondary clearfix" id="user_blockinstance_136856">
    
    
        <div class="block-header quick-edit d-none">
    <a class="modal_link list-group-heading" href="#" title="Édition rapide">
        <span class="icon icon-pencil-alt" title="Édition rapide"></span>
        Édition rapide
    </a>
</div>

    
    
        <h2 class="title card-header js-heading">
            

            <span class="collapse-inline">
                Projet finale de terminale STI2D
                
            </span>

            

        </h2>
    

    <div class="block" id="user_blockinstance_136856_target">
        
        
            

<div class="textblock card-body flush">
<p><strong>Projet :</strong> Drone aquatique d'exploration.</p>
<p><strong>Mon rôle : </strong>Mise en œuvre d'un capteur de turbidité. </p>
<p><strong>Matériels : </strong>Carte arduino UNO, logicielle arduino, capteurs, écran...</p>
<p>Au cours de ce projets final j'ai puis acquérir beaucoup de compétence très importantes pour ce que je veux faire plus tard. J'ai appris a <strong>travaillé en groupe</strong> et avoir un minimum<strong> </strong>d'<strong>esprits de cohésion</strong> ce qui est très important pour respecter le cahier des charge ainsi que le délais.</p>
<p>J'ai appris a bien <strong>manipuler Arduino</strong> et à comprendre ces concepts </p>
<p>J'ai élargie mon champ de vision/<strong>esprit d'imagination</strong>  sur la possibilité de faire ce que l'on souhaite avec de simple outils </p>
<p>J'ai appris à mieux m'organiser dans les délais de ce que je faisais </p>
</div>


        
    </div>
</div>
</div><div id="user_block_136866"><div class="bt-text gridstackblock card card-secondary clearfix" id="user_blockinstance_136866">
    
    
        <div class="block-header quick-edit d-none">
    <a class="modal_link list-group-heading" href="#" title="Édition rapide">
        <span class="icon icon-pencil-alt" title="Édition rapide"></span>
        Édition rapide
    </a>
</div>

    
    
        <h2 class="title card-header js-heading">
            

            <span class="collapse-inline">
                TP/TD électricité 
                
            </span>

            

        </h2>
    

    <div class="block" id="user_blockinstance_136866_target">
        
        
            

<div class="textblock card-body flush">
<p>Les TP d'électricité mon permis de me rappeler et de découvrir l'utilisation de machines et d'outils tel que les oscilloscopes, générateur de tension et de fréquence , multimètre... Aussi j'ai approfondie les utilisations et l'application de schéma électrique réelle, de leur composants ainsi que le schéma labdec.   </p>
<p>En TD nous avons pu voir de nombreuse théorie, concept et de formule tel que</p>
<p>le théorème de millman, Pont diviseur </p>
<p>Composants : Résistance, condensateur, bobine..</p>
<p>....</p>
</div>


        
    </div>
</div>
</div></div></div></content>
        <rdf:type rdf:resource="leap2:selection"/>

        <link rel="is_part_of" href="portfolio:collection4183"/>


        <category term="Webpage" scheme="categories:selection_type#"/>





        <mahara:view mahara:newlayout="1" mahara:type="portfolio" mahara:ownerformat="6">
        
            
            <mahara:blockinstance mahara:blocktype="text" mahara:blocktitle="Projet finale de terminale STI2D" mahara:positionx="0" mahara:positiony="0" mahara:height="39" mahara:width="4">
                
                    
                    <mahara:text>[&quot;&lt;p&gt;&lt;strong&gt;Projet :&lt;\/strong&gt; Drone aquatique d&#039;exploration.&lt;\/p&gt;\r\n&lt;p&gt;&lt;strong&gt;Mon r&amp;ocirc;le :&amp;nbsp;&lt;\/strong&gt;Mise en &amp;oelig;uvre d&#039;un capteur de turbidit&amp;eacute;.&amp;nbsp;&lt;\/p&gt;\r\n&lt;p&gt;&lt;strong&gt;Mat&amp;eacute;riels :&amp;nbsp;&lt;\/strong&gt;Carte arduino UNO, logicielle arduino, capteurs, &amp;eacute;cran...&lt;\/p&gt;\r\n&lt;p&gt;Au cours de ce projets final j&#039;ai puis acqu&amp;eacute;rir beaucoup de comp&amp;eacute;tence tr&amp;egrave;s importantes pour ce que je veux faire plus tard. J&#039;ai appris a &lt;strong&gt;travaill&amp;eacute; en groupe&lt;\/strong&gt; et avoir un minimum&lt;strong&gt; &lt;\/strong&gt;d&#039;&lt;strong&gt;esprits de coh&amp;eacute;sion&lt;\/strong&gt; ce qui est tr&amp;egrave;s important pour respecter le cahier des charge ainsi que le d&amp;eacute;lais.&lt;\/p&gt;\r\n&lt;p&gt;J&#039;ai appris a bien &lt;strong&gt;manipuler Arduino&lt;\/strong&gt; et &amp;agrave; comprendre ces concepts&amp;nbsp;&lt;\/p&gt;\r\n&lt;p&gt;J&#039;ai &amp;eacute;largie mon champ de vision\/&lt;strong&gt;esprit d&#039;imagination&lt;\/strong&gt;&amp;nbsp; sur la possibilit&amp;eacute; de faire ce que l&#039;on souhaite avec de simple outils&amp;nbsp;&lt;\/p&gt;\r\n&lt;p&gt;J&#039;ai appris &amp;agrave; mieux m&#039;organiser dans les d&amp;eacute;lais de ce que je faisais&amp;nbsp;&lt;\/p&gt;&quot;]</mahara:text>
                    
                
                    
                    <mahara:instructions></mahara:instructions>
                    
                
                
                
            </mahara:blockinstance>
            
            <mahara:blockinstance mahara:blocktype="text" mahara:blocktitle="TP/TD électricité " mahara:positionx="4" mahara:positiony="0" mahara:height="27" mahara:width="4">
                
                    
                    <mahara:text>[&quot;&lt;p&gt;Les TP d&#039;&amp;eacute;lectricit&amp;eacute; mon permis de me rappeler et de d&amp;eacute;couvrir l&#039;utilisation de machines et d&#039;outils tel que les oscilloscopes, g&amp;eacute;n&amp;eacute;rateur de tension et de fr&amp;eacute;quence , multim&amp;egrave;tre... Aussi j&#039;ai approfondie les utilisations et l&#039;application de sch&amp;eacute;ma &amp;eacute;lectrique r&amp;eacute;elle, de leur composants ainsi que le sch&amp;eacute;ma labdec.&amp;nbsp; &amp;nbsp;&lt;\/p&gt;\r\n&lt;p&gt;En TD nous avons pu voir de nombreuse th&amp;eacute;orie, concept et de formule tel que&lt;\/p&gt;\r\n&lt;p&gt;le th&amp;eacute;or&amp;egrave;me de millman, Pont diviseur&amp;nbsp;&lt;\/p&gt;\r\n&lt;p&gt;Composants : R&amp;eacute;sistance, condensateur, bobine..&lt;\/p&gt;\r\n&lt;p&gt;....&lt;\/p&gt;&quot;]</mahara:text>
                    
                
                    
                    <mahara:instructions></mahara:instructions>
                    
                
                
                
            </mahara:blockinstance>
            
        
        </mahara:view>
    </entry>

    <entry>
        <title>Presentation (GB)</title>
        <id>portfolio:artefact85924</id>

        <updated>2022-10-19T20:08:17+02:00</updated>
        <published>2022-09-19T08:08:01+02:00</published>




        <content type="xhtml"><div xmlns="http://www.w3.org/1999/xhtml"><div><p>Presentation of who I am and what I want to do !</p></div></div></content>
        <rdf:type rdf:resource="leap2:selection"/>
        <mahara:artefactplugin mahara:type="blog" mahara:plugin="blog"/>
        <link rel="leap2:is_part_of" href="portfolio:view30587"/>
        <link rel="leap2:has_part" href="portfolio:artefact90059"/>
        <link rel="leap2:has_part" href="portfolio:artefact90060"/>


        <category term="Blog" scheme="categories:selection_type#"/>




    </entry>


    <entry>
        <title>Images de couverture</title>
        <id>portfolio:artefact86001</id>

        <updated>2022-09-19T09:09:57+02:00</updated>
        <published>2022-09-19T09:09:57+02:00</published>




        <content></content>
        <rdf:type rdf:resource="leap2:selection"/>
        <mahara:artefactplugin mahara:type="folder" mahara:plugin="file"/>


        <category term="Folder" scheme="categories:selection_type#"/>




    </entry>


    <entry>
        <title>Historique de formation</title>
        <id>portfolio:artefact87430</id>

        <updated>2022-10-21T11:11:51+02:00</updated>
        <published>2022-09-26T10:10:50+02:00</published>




        <content></content>
        <rdf:type rdf:resource="leap2:selection"/>
        <mahara:artefactplugin mahara:type="educationhistory" mahara:plugin="resume"/>
        <link rel="leap2:has_part" href="portfolio:resumecomposite-87430-child-935" leap2:display_order="1"/>
        <link rel="leap2:has_part" href="portfolio:resumecomposite-87430-child-933" leap2:display_order="2"/>
        <link rel="leap2:has_part" href="portfolio:resumecomposite-87430-child-1029" leap2:display_order="3"/>
        <link rel="leap2:has_part" href="portfolio:resumecomposite-87430-child-1030" leap2:display_order="4"/>


        <category term="Grouping" scheme="categories:selection_type#"/>




    </entry>


    <entry>
        <title>Bachelor universitaire de technologie en réseaux et télécommunications</title>
        <id>portfolio:resumecomposite-87430-child-935</id>

        <updated>2022-10-21T11:11:51+02:00</updated>





        <content></content>
        <rdf:type rdf:resource="leap2:activity"/>
        <mahara:artefactplugin mahara:type="pseudo:educationhistory" mahara:plugin="resume"/>
        <link rel="leap2:is_part_of" href="portfolio:artefact87430" leap2:display_order="1"/>
        <link rel="leap2:supported_by" href="portfolio:resumesibling-87430-sibling-935-rel-supports"/>
        <link rel="leap2:supports" href="portfolio:resumesibling-87430-sibling-935-rel-supported_by"/>


        <category term="Education" scheme="categories:life_area#"/>






        <leap2:date leap2:point="start" leap2:label="septembre 2022"></leap2:date>

        <leap2:date leap2:point="end" leap2:label="2025"></leap2:date>

    </entry>

    <entry>
        <title>Institut universitaire de technologie de Créteil-Vitry (UPEC)</title>
        <id>portfolio:resumesibling-87430-sibling-935-rel-supports</id>

        <updated>2022-10-21T11:11:51+02:00</updated>





        <content></content>
        <rdf:type rdf:resource="leap2:organization"/>
        <mahara:artefactplugin mahara:type="pseudo:educationhistory" mahara:plugin="resume"/>
        <link rel="leap2:supports" href="portfolio:resumecomposite-87430-child-935"/>










    </entry>

    <entry>
        <title></title>
        <id>portfolio:resumesibling-87430-sibling-935-rel-supported_by</id>

        <updated>2022-10-21T11:11:51+02:00</updated>





        <content>Bachelor universitaire de technologie en réseaux et télécommunications</content>
        <rdf:type rdf:resource="leap2:achievement"/>
        <mahara:artefactplugin mahara:type="pseudo:educationhistory" mahara:plugin="resume"/>
        <link rel="leap2:supported_by" href="portfolio:resumecomposite-87430-child-935"/>










    </entry>

    <entry>
        <title>Baccalauréat Sciences et Technologies de l&#039;Industrie et du Développement Durable (STI2D)</title>
        <id>portfolio:resumecomposite-87430-child-933</id>

        <updated>2022-10-21T11:11:51+02:00</updated>





        <content></content>
        <rdf:type rdf:resource="leap2:activity"/>
        <mahara:artefactplugin mahara:type="pseudo:educationhistory" mahara:plugin="resume"/>
        <link rel="leap2:is_part_of" href="portfolio:artefact87430" leap2:display_order="2"/>
        <link rel="leap2:supported_by" href="portfolio:resumesibling-87430-sibling-933-rel-supports"/>
        <link rel="leap2:supports" href="portfolio:resumesibling-87430-sibling-933-rel-supported_by"/>


        <category term="Education" scheme="categories:life_area#"/>






        <leap2:date leap2:point="start" leap2:label="septembre 2020"></leap2:date>

        <leap2:date leap2:point="end" leap2:label="juillet 2022"></leap2:date>

    </entry>

    <entry>
        <title>Lycée Georges Brassens. </title>
        <id>portfolio:resumesibling-87430-sibling-933-rel-supports</id>

        <updated>2022-10-21T11:11:51+02:00</updated>





        <content></content>
        <rdf:type rdf:resource="leap2:organization"/>
        <mahara:artefactplugin mahara:type="pseudo:educationhistory" mahara:plugin="resume"/>
        <link rel="leap2:supports" href="portfolio:resumecomposite-87430-child-933"/>










    </entry>

    <entry>
        <title></title>
        <id>portfolio:resumesibling-87430-sibling-933-rel-supported_by</id>

        <updated>2022-10-21T11:11:51+02:00</updated>





        <content>Baccalauréat Sciences et Technologies de l&#039;Industrie et du Développement Durable (STI2D)</content>
        <rdf:type rdf:resource="leap2:achievement"/>
        <mahara:artefactplugin mahara:type="pseudo:educationhistory" mahara:plugin="resume"/>
        <link rel="leap2:supported_by" href="portfolio:resumecomposite-87430-child-933"/>










    </entry>

    <entry>
        <title>Formation de badge aéroportuaire Français  </title>
        <id>portfolio:resumecomposite-87430-child-1029</id>

        <updated>2022-10-21T11:11:51+02:00</updated>





        <content></content>
        <rdf:type rdf:resource="leap2:activity"/>
        <mahara:artefactplugin mahara:type="pseudo:educationhistory" mahara:plugin="resume"/>
        <link rel="leap2:is_part_of" href="portfolio:artefact87430" leap2:display_order="3"/>
        <link rel="leap2:supported_by" href="portfolio:resumesibling-87430-sibling-1029-rel-supports"/>
        <link rel="leap2:supports" href="portfolio:resumesibling-87430-sibling-1029-rel-supported_by"/>


        <category term="Education" scheme="categories:life_area#"/>






        <leap2:date leap2:point="start" leap2:label="Juillet 2022"></leap2:date>


    </entry>

    <entry>
        <title>Aéroport De Paris  </title>
        <id>portfolio:resumesibling-87430-sibling-1029-rel-supports</id>

        <updated>2022-10-21T11:11:51+02:00</updated>





        <content></content>
        <rdf:type rdf:resource="leap2:organization"/>
        <mahara:artefactplugin mahara:type="pseudo:educationhistory" mahara:plugin="resume"/>
        <link rel="leap2:supports" href="portfolio:resumecomposite-87430-child-1029"/>










    </entry>

    <entry>
        <title></title>
        <id>portfolio:resumesibling-87430-sibling-1029-rel-supported_by</id>

        <updated>2022-10-21T11:11:51+02:00</updated>





        <content>Formation de badge aéroportuaire Français  </content>
        <rdf:type rdf:resource="leap2:achievement"/>
        <mahara:artefactplugin mahara:type="pseudo:educationhistory" mahara:plugin="resume"/>
        <link rel="leap2:supported_by" href="portfolio:resumecomposite-87430-child-1029"/>










    </entry>

    <entry>
        <title>Formation fouille et Sureté dans un avion/aéroport </title>
        <id>portfolio:resumecomposite-87430-child-1030</id>

        <updated>2022-10-21T11:11:51+02:00</updated>





        <content></content>
        <rdf:type rdf:resource="leap2:activity"/>
        <mahara:artefactplugin mahara:type="pseudo:educationhistory" mahara:plugin="resume"/>
        <link rel="leap2:is_part_of" href="portfolio:artefact87430" leap2:display_order="4"/>
        <link rel="leap2:supported_by" href="portfolio:resumesibling-87430-sibling-1030-rel-supports"/>
        <link rel="leap2:supports" href="portfolio:resumesibling-87430-sibling-1030-rel-supported_by"/>


        <category term="Education" scheme="categories:life_area#"/>






        <leap2:date leap2:point="start" leap2:label="Juillet 2022"></leap2:date>


    </entry>

    <entry>
        <title>Aéroport De Paris  </title>
        <id>portfolio:resumesibling-87430-sibling-1030-rel-supports</id>

        <updated>2022-10-21T11:11:51+02:00</updated>





        <content></content>
        <rdf:type rdf:resource="leap2:organization"/>
        <mahara:artefactplugin mahara:type="pseudo:educationhistory" mahara:plugin="resume"/>
        <link rel="leap2:supports" href="portfolio:resumecomposite-87430-child-1030"/>










    </entry>

    <entry>
        <title></title>
        <id>portfolio:resumesibling-87430-sibling-1030-rel-supported_by</id>

        <updated>2022-10-21T11:11:51+02:00</updated>





        <content>Formation fouille et Sureté dans un avion/aéroport </content>
        <rdf:type rdf:resource="leap2:achievement"/>
        <mahara:artefactplugin mahara:type="pseudo:educationhistory" mahara:plugin="resume"/>
        <link rel="leap2:supported_by" href="portfolio:resumecomposite-87430-child-1030"/>










    </entry>

    <entry>
        <title>Historique des emplois</title>
        <id>portfolio:artefact87503</id>

        <updated>2022-10-21T11:11:04+02:00</updated>
        <published>2022-09-26T11:11:04+02:00</published>




        <content></content>
        <rdf:type rdf:resource="leap2:selection"/>
        <mahara:artefactplugin mahara:type="employmenthistory" mahara:plugin="resume"/>
        <link rel="leap2:has_part" href="portfolio:resumecomposite-87503-child-633" leap2:display_order="1"/>


        <category term="Grouping" scheme="categories:selection_type#"/>




    </entry>


    <entry>
        <title>Nettoyage Cabine (AVIONS)</title>
        <id>portfolio:resumecomposite-87503-child-633</id>

        <updated>2022-10-21T11:11:04+02:00</updated>





        <content>&lt;p&gt;Nettoyage d&#039;avion&amp;nbsp; (et fouille des avions en transit ou en d&amp;eacute;part des Etat Unis).&lt;/p&gt;
&lt;p&gt;Ce tout premier CDD m&#039;a permis d&#039;acqu&amp;eacute;rir une certaine maturit&amp;eacute; en terme d&#039;organisation ainsi que dans la vie professionnelle.&lt;/p&gt;
&lt;p&gt;Cet exp&amp;eacute;rience m&#039;a &amp;eacute;t&amp;eacute; tr&amp;egrave;s enrichissantes.&lt;/p&gt;
&lt;p&gt;A&amp;eacute;roport :&amp;nbsp; Orly&amp;nbsp;&amp;nbsp;&lt;/p&gt;</content>
        <rdf:type rdf:resource="leap2:activity"/>
        <mahara:artefactplugin mahara:type="pseudo:employmenthistory" mahara:plugin="resume"/>
        <link rel="leap2:is_part_of" href="portfolio:artefact87503" leap2:display_order="1"/>
        <link rel="leap2:supported_by" href="portfolio:resumesibling-87503-sibling-633-rel-supports"/>


        <category term="Work" scheme="categories:life_area#"/>






        <leap2:date leap2:point="start" leap2:label="01/08/2022"></leap2:date>

        <leap2:date leap2:point="end" leap2:label="28/08/2022"></leap2:date>

    </entry>

    <entry>
        <title>SERVAIR/ACNA</title>
        <id>portfolio:resumesibling-87503-sibling-633-rel-supports</id>

        <updated>2022-10-21T11:11:04+02:00</updated>





        <content></content>
        <rdf:type rdf:resource="leap2:organization"/>
        <mahara:artefactplugin mahara:type="pseudo:employmenthistory" mahara:plugin="resume"/>
        <link rel="leap2:supports" href="portfolio:resumecomposite-87503-child-633"/>










    </entry>

    <entry>
        <title>WHY ?</title>
        <id>portfolio:artefact90059</id>

        <updated>2022-10-21T10:10:09+02:00</updated>
        <published>2022-10-19T21:09:34+02:00</published>




        <content type="xhtml"><div xmlns="http://www.w3.org/1999/xhtml"><div><p>Thanks to my Baccalaureate of Science of Industry and Sustainable Development, the skills that I have acquired over the years have made me like the computer field, telecommunication networks and especially cyber security. It is cyber security that interests me the most in the context of my further studies and my profession.</p></div></div></content>
        <rdf:type rdf:resource="leap2:entry"/>
        <mahara:artefactplugin mahara:type="blogpost" mahara:plugin="blog"/>
        <link rel="leap2:is_part_of" href="portfolio:view30587"/>
        <link rel="leap2:is_part_of" href="portfolio:artefact85924"/>






    </entry>


    <entry>
        <title>ME</title>
        <id>portfolio:artefact90060</id>

        <updated>2022-10-21T10:10:44+02:00</updated>
        <published>2022-10-19T21:09:20+02:00</published>




        <content type="xhtml"><div xmlns="http://www.w3.org/1999/xhtml"><div><p>My name is Gibril SELMI and I am currently a student at the IUT of Créteil-Vitry. Coming from a Baccalaureat of Science of Industry and Sustainable Development I have acquired many useful skills. This has reinforced my curiosity in the fields I am currently practising.</p></div></div></content>
        <rdf:type rdf:resource="leap2:entry"/>
        <mahara:artefactplugin mahara:type="blogpost" mahara:plugin="blog"/>
        <link rel="leap2:is_part_of" href="portfolio:view30587"/>
        <link rel="leap2:is_part_of" href="portfolio:artefact85924"/>






    </entry>


    <entry>
        <title>cybercriminalité.jpg</title>
        <id>portfolio:artefact90085</id>

        <updated>2022-10-20T09:09:20+02:00</updated>
        <published>2022-10-20T09:09:20+02:00</published>




        <content type="xhtml"><div xmlns="http://www.w3.org/1999/xhtml"><div></div></div></content>
        <rdf:type rdf:resource="leap2:resource"/>
        <mahara:artefactplugin mahara:type="image" mahara:plugin="file"/>
        <link rel="enclosure" type="image/jpeg" href="export_info/files/90085-cybercriminalité.jpg"/>
        <link rel="leap2:is_part_of" href="portfolio:view30587"/>


        <category term="Offline" scheme="categories:resource_type#" label="File"/>




    </entry>


    <entry>
        <title>Occupation</title>
        <id>portfolio:artefact90086</id>

        <updated>2022-10-20T09:09:27+02:00</updated>
        <published>2022-10-20T09:09:27+02:00</published>




        <content>Etudiant</content>
        <rdf:type rdf:resource="leap2:entry"/>
        <mahara:artefactplugin mahara:type="occupation" mahara:plugin="internal"/>






    </entry>


    <entry>
        <title>Industry</title>
        <id>portfolio:artefact90087</id>

        <updated>2022-10-20T09:09:27+02:00</updated>
        <published>2022-10-20T09:09:27+02:00</published>




        <content>Réseaux et télécommunications </content>
        <rdf:type rdf:resource="leap2:entry"/>
        <mahara:artefactplugin mahara:type="industry" mahara:plugin="internal"/>






    </entry>


    <entry>
        <title>Certifications, accréditations et prix obtenus</title>
        <id>portfolio:artefact90279</id>

        <updated>2022-10-21T11:11:04+02:00</updated>
        <published>2022-10-21T11:11:11+02:00</published>




        <content></content>
        <rdf:type rdf:resource="leap2:selection"/>
        <mahara:artefactplugin mahara:type="certification" mahara:plugin="resume"/>
        <link rel="leap2:has_part" href="portfolio:resumecomposite-90279-child-407" leap2:display_order="1"/>
        <link rel="leap2:has_part" href="portfolio:resumecomposite-90279-child-406" leap2:display_order="2"/>


        <category term="Grouping" scheme="categories:selection_type#"/>




    </entry>


    <entry>
        <title>Certification PIX</title>
        <id>portfolio:resumecomposite-90279-child-407</id>

        <updated>2022-10-21T11:11:04+02:00</updated>





        <content></content>
        <rdf:type rdf:resource="leap2:achievement"/>
        <mahara:artefactplugin mahara:type="pseudo:certification" mahara:plugin="resume"/>
        <link rel="leap2:is_part_of" href="portfolio:artefact90279" leap2:display_order="1"/>









        <leap2:date leap2:point="end" leap2:label="2022"></leap2:date>

    </entry>

    <entry>
        <title> Prévention et Secours Civiques de niveau 1 </title>
        <id>portfolio:resumecomposite-90279-child-406</id>

        <updated>2022-10-21T11:11:04+02:00</updated>





        <content>&lt;p&gt;Certificat de comp&amp;eacute;tences de citoyen de s&amp;eacute;curit&amp;eacute; civile &amp;laquo;&lt;strong&gt;&amp;nbsp;Pr&amp;eacute;vention et Secours Civiques de niveau 1&lt;/strong&gt; &amp;raquo; PSC1&lt;/p&gt;</content>
        <rdf:type rdf:resource="leap2:achievement"/>
        <mahara:artefactplugin mahara:type="pseudo:certification" mahara:plugin="resume"/>
        <link rel="leap2:is_part_of" href="portfolio:artefact90279" leap2:display_order="2"/>









        <leap2:date leap2:point="end" leap2:label="31 janvier 2017"></leap2:date>

    </entry>

    <entry>
        <title>Objectifs personnels</title>
        <id>portfolio:artefact90280</id>

        <updated>2022-10-21T11:11:27+02:00</updated>
        <published>2022-10-21T11:11:18+02:00</published>




        <content type="xhtml"><div xmlns="http://www.w3.org/1999/xhtml"><div><p>Transformation physique.</p>
<p>Voyager </p></div></div></content>
        <rdf:type rdf:resource="leap2:entry"/>
        <mahara:artefactplugin mahara:type="personalgoal" mahara:plugin="resume"/>
        <link rel="leap2:is_part_of" href="portfolio:view30587"/>






    </entry>


    <entry>
        <title>Objectifs académiques</title>
        <id>portfolio:artefact90281</id>

        <updated>2022-10-21T11:11:56+02:00</updated>
        <published>2022-10-21T11:11:36+02:00</published>




        <content type="xhtml"><div xmlns="http://www.w3.org/1999/xhtml"><div><p>Obtenir Mon Master 2 </p></div></div></content>
        <rdf:type rdf:resource="leap2:entry"/>
        <mahara:artefactplugin mahara:type="academicgoal" mahara:plugin="resume"/>
        <link rel="leap2:is_part_of" href="portfolio:view30587"/>






    </entry>


    <entry>
        <title>Objectifs de carrière</title>
        <id>portfolio:artefact90282</id>

        <updated>2022-10-21T11:11:54+02:00</updated>
        <published>2022-10-21T11:11:59+02:00</published>




        <content type="xhtml"><div xmlns="http://www.w3.org/1999/xhtml"><div><p>Avoir un empois qui est pour servir les autres. </p>
<p> </p></div></div></content>
        <rdf:type rdf:resource="leap2:entry"/>
        <mahara:artefactplugin mahara:type="careergoal" mahara:plugin="resume"/>
        <link rel="leap2:is_part_of" href="portfolio:view30587"/>






    </entry>


    <entry>
        <title>Compétences personnelles</title>
        <id>portfolio:artefact90283</id>

        <updated>2022-10-21T11:11:51+02:00</updated>
        <published>2022-10-21T11:11:02+02:00</published>




        <content type="xhtml"><div xmlns="http://www.w3.org/1999/xhtml"><div><p>Curieux </p>
<p>Ouvert d'esprit</p></div></div></content>
        <rdf:type rdf:resource="leap2:ability"/>
        <mahara:artefactplugin mahara:type="personalskill" mahara:plugin="resume"/>
        <link rel="leap2:is_part_of" href="portfolio:view30587"/>






    </entry>


    <entry>
        <title>Centres d&#039;intérêt</title>
        <id>portfolio:artefact90285</id>

        <updated>2022-10-21T11:11:53+02:00</updated>
        <published>2022-10-21T11:11:28+02:00</published>




        <content type="xhtml"><div xmlns="http://www.w3.org/1999/xhtml"><div><p>Sport : Basketball, badminton, natation, football....</p>
<p>Hardware.</p>
<p>Audio-visuel : Cinéma, Photographie.</p>
<p>Manga, Animés accessoirement  dessiner.</p>
<p>Jeux-vidéo.</p>
<p>Horlogerie, Sneakers .</p>
<p>Automobile, Aéronautique naval , spécial, Marin...</p>
<p>Science et Médecine </p>
<p> </p>
<p> </p>
<p> </p>
<p> </p>
<p> </p></div></div></content>
        <rdf:type rdf:resource="leap2:entry"/>
        <mahara:artefactplugin mahara:type="interest" mahara:plugin="resume"/>
        <link rel="leap2:is_part_of" href="portfolio:view30587"/>






    </entry>


    <entry>
        <title>Compétences académiques</title>
        <id>portfolio:artefact90288</id>

        <updated>2022-10-21T11:11:38+02:00</updated>
        <published>2022-10-21T11:11:58+02:00</published>




        <content type="xhtml"><div xmlns="http://www.w3.org/1999/xhtml"><div><p>Réfléchit.  </p></div></div></content>
        <rdf:type rdf:resource="leap2:ability"/>
        <mahara:artefactplugin mahara:type="academicskill" mahara:plugin="resume"/>
        <link rel="leap2:is_part_of" href="portfolio:view30587"/>






    </entry>


    <entry>
        <title>Compétences professionnelles</title>
        <id>portfolio:artefact90289</id>

        <updated>2022-10-21T11:11:02+02:00</updated>
        <published>2022-10-21T11:11:44+02:00</published>




        <content type="xhtml"><div xmlns="http://www.w3.org/1999/xhtml"><div><p>S'adapte en travaille de groupe.</p>
<p>contentieux .</p></div></div></content>
        <rdf:type rdf:resource="leap2:ability"/>
        <mahara:artefactplugin mahara:type="workskill" mahara:plugin="resume"/>
        <link rel="leap2:is_part_of" href="portfolio:view30587"/>






    </entry>


    <entry>
        <title>Gibril Selmi</title>
        <id>portfolio:artefactinternal</id>

        <updated>2022-10-21T11:11:00+02:00</updated>





        <content type="html">&lt;p&gt;Etudiant à l&#039;institut universitaire de technologie de Créteil-Vitry en BUT Réseau et télécoms.&lt;/p&gt;
&lt;p&gt; &lt;/p&gt;</content>
        <rdf:type rdf:resource="leap2:person"/>
        <mahara:artefactplugin mahara:type="internal" mahara:plugin="internal"/>


        <category term="Self" scheme="categories:person_type#"/>






        <leap2:persondata
            mahara:artefactplugin="internal"
            mahara:artefacttype="email"

            leap2:field="email"

            leap2:label="Adresse de courriel"

        >gibril.selmi@etu.u-pec.fr</leap2:persondata>

        <leap2:persondata
            mahara:artefactplugin="internal"
            mahara:artefacttype="businessnumber"

            leap2:field="workphone"

            leap2:label="Téléphone professionnel"

        >07-82-26-31-52</leap2:persondata>

        <leap2:persondata
            mahara:artefactplugin="internal"
            mahara:artefacttype="firstname"

            leap2:field="legal_given_name"

            leap2:label="Prénom"

        >Gibril</leap2:persondata>

        <leap2:persondata
            mahara:artefactplugin="internal"
            mahara:artefacttype="lastname"

            leap2:field="legal_family_name"

            leap2:label="Nom"

        >SELMI</leap2:persondata>

        <leap2:persondata
            mahara:artefactplugin="internal"
            mahara:artefacttype="preferredname"

            leap2:field="preferred_given_name"

            leap2:label="Nom préféré"

        >Gibril Selmi</leap2:persondata>

        <leap2:persondata
            mahara:artefactplugin="internal"
            mahara:artefacttype="socialprofile"

            leap2:field="website"

            leap2:label="Linkedin"

        >https://www.linkedin.com/in/gibril-selmi-7a0942251</leap2:persondata>

        <leap2:persondata
            mahara:artefactplugin="internal"
            mahara:artefacttype="socialprofile"

            leap2:field="website"

            leap2:label="GitHub"

        >https://github.com/0Gibril0</leap2:persondata>

        <leap2:persondata
            mahara:artefactplugin="internal"
            mahara:artefacttype="socialprofile"

            leap2:field="website"

            leap2:label="Email"

        >etudiant.idf.g@gmail.com</leap2:persondata>

        <leap2:persondata
            mahara:artefactplugin="internal"
            mahara:artefacttype="studentid"

            leap2:field="other"

            leap2:label="Identifiant étudiant"

        >u32204228</leap2:persondata>

        <leap2:persondata
            mahara:artefactplugin="resume"
            mahara:artefacttype="personalinformation/dateofbirth"

            leap2:field="dob"

            leap2:label="Date de naissance"

        >2003-08-29T00:12:00+02:00</leap2:persondata>

        <leap2:persondata
            mahara:artefactplugin="resume"
            mahara:artefacttype="personalinformation/placeofbirth"

            leap2:field="other" mahara:field="placeofbirth"

            leap2:label="Lieu de naissance"

        >Longjumeau</leap2:persondata>

        <leap2:persondata
            mahara:artefactplugin="resume"
            mahara:artefacttype="personalinformation/citizenship"

            leap2:field="other" mahara:field="citizenship"

            leap2:label="Citoyenneté"

        >Français</leap2:persondata>

        <leap2:persondata
            mahara:artefactplugin="resume"
            mahara:artefacttype="personalinformation/gender"

            leap2:field="gender"

            leap2:label="[[gender/artefact.resume]]"

        >1</leap2:persondata>

        <leap2:persondata
            mahara:artefactplugin="resume"
            mahara:artefacttype="personalinformation/maritalstatus"

            leap2:field="other" mahara:field="maritalstatus"

            leap2:label="Etat civil"

        >Celibataire</leap2:persondata>


        <leap2:spatial>

            <leap2:country mahara:artefacttype="country" leap2:countrycode="fra">France</leap2:country>

        </leap2:spatial>

    </entry>

</feed>
